sub,test,pair,c,d,ht,ms,cr,fa,oTrls,nTrls,mdRtO,mdRtN,mnRtO,mnRtN
1,aud,none,0.26,0.241,16,20,70,38,36,108,0.66,0.683,0.779,0.944
1,aud,familiar,0.19,0.38,18,18,70,38,36,108,0.703,0.683,0.852,0.944
1,aud,unfamiliar,0.406,-0.05,12,24,70,38,36,108,0.653,0.683,0.773,0.944
1,img,none,0.517,1.313,20,16,95,13,36,108,0.832,0.706,0.908,0.844
1,img,familiar,0.802,0.742,12,24,95,13,36,108,0.749,0.706,0.839,0.844
1,img,unfamiliar,0.764,0.818,13,23,95,13,36,108,0.741,0.706,0.801,0.844
2,aud,none,0.012,0.736,23,13,70,38,36,108,1.923,1.868,2.089,2.006
2,aud,familiar,-0.025,0.811,24,12,70,38,36,108,1.99,1.868,2.304,2.006
2,aud,unfamiliar,0.049,0.663,22,14,70,38,36,108,1.939,1.868,1.989,2.006
2,img,none,-0.094,1.536,29,7,81,27,36,108,1.131,1.181,1.143,1.292
2,img,familiar,-0.205,1.76,31,5,81,27,36,108,1.111,1.181,1.249,1.292
2,img,unfamiliar,0.122,1.105,24,12,81,27,36,108,1.098,1.181,1.159,1.292
3,aud,none,0,0.711,23,13,69,39,36,108,1.803,2.038,2.018,2.151
3,aud,familiar,0,0.711,23,13,69,39,36,108,1.952,2.038,2.078,2.151
3,aud,unfamiliar,0.073,0.566,21,15,69,39,36,108,2.136,2.038,2.309,2.151
3,img,none,0,2.441,32,4,96,12,36,108,1.126,1.211,1.246,1.348
3,img,familiar,0.395,1.651,24,12,96,12,36,108,1.183,1.211,1.338,1.348
3,img,unfamiliar,0.433,1.576,23,13,96,12,36,108,1.152,1.211,1.408,1.348
4,aud,none,-0.013,0.991,25,11,74,34,36,108,1.527,1.431,1.638,1.702
4,aud,familiar,-0.013,0.991,25,11,74,34,36,108,1.254,1.431,1.519,1.702
4,aud,unfamiliar,-0.054,1.072,26,10,74,34,36,108,1.661,1.431,1.612,1.702
4,img,none,0.215,1.292,24,12,87,21,36,108,0.901,0.9,1.049,1.005
4,img,familiar,0,1.723,29,7,87,21,36,108,0.908,0.9,1.034,1.005
4,img,unfamiliar,0.048,1.626,28,8,87,21,36,108,0.907,0.9,1.164,1.005
6,aud,none,0.059,0.256,19,17,62,46,36,108,1.798,2.084,1.993,2.177
6,aud,familiar,-0.048,0.469,22,14,62,46,36,108,1.858,2.084,1.966,2.177
6,aud,unfamiliar,-0.084,0.542,23,13,62,46,36,108,1.937,2.084,2.13,2.177
6,img,none,-0.136,1.451,29,7,78,30,36,108,1.012,1.224,1.114,1.359
6,img,familiar,-0.248,1.675,31,5,78,30,36,108,1.146,1.224,1.279,1.359
6,img,unfamiliar,-0.136,1.451,29,7,78,30,36,108,1.118,1.224,1.193,1.359
7,aud,none,0.468,0.656,16,20,85,23,36,108,1.898,1.507,1.979,1.641
7,aud,familiar,0.363,0.866,19,17,85,23,36,108,1.428,1.507,1.631,1.641
7,aud,unfamiliar,0.613,0.365,12,24,85,23,36,108,1.448,1.507,1.624,1.641
7,img,none,0.136,1.451,26,10,87,21,36,108,0.93,1.022,0.978,1.131
7,img,familiar,0.253,1.217,23,13,87,21,36,108,1.133,1.022,1.147,1.131
7,img,unfamiliar,0.396,0.931,19,17,87,21,36,108,1.013,1.022,1.204,1.131
8,aud,none,0.7,0.689,13,23,92,16,36,108,1.852,1.755,1.905,1.832
8,aud,familiar,0.592,0.905,16,20,92,16,36,108,1.625,1.755,1.705,1.832
8,aud,unfamiliar,0.627,0.834,15,21,92,16,36,108,1.802,1.755,1.871,1.832
8,img,none,0.239,2.414,30,6,100,8,36,108,0.85,0.86,0.983,0.962
8,img,familiar,0.469,1.955,25,11,100,8,36,108,0.805,0.86,0.905,0.962
8,img,unfamiliar,0.386,2.121,27,9,100,8,36,108,0.902,0.86,0.942,0.962
9,aud,none,0.481,1.384,21,15,95,13,36,108,2.417,2.289,2.491,2.326
9,aud,familiar,0.445,1.455,22,14,95,13,36,108,2.273,2.289,2.182,2.326
9,aud,unfamiliar,0.656,1.033,16,20,95,13,36,108,2.288,2.289,2.286,2.326
9,img,none,0.254,2.679,31,5,102,6,36,108,0.991,1.186,1.159,1.387
9,img,familiar,0.186,2.814,32,4,102,6,36,108,1.129,1.186,1.398,1.387
9,img,unfamiliar,0.366,2.455,29,7,102,6,36,108,0.954,1.186,1.074,1.387
10,aud,none,0.103,0.918,23,13,77,31,36,108,3.045,3.553,3.27,3.659
10,aud,familiar,-0.014,1.152,26,10,77,31,36,108,3.38,3.553,3.506,3.659
10,aud,unfamiliar,0.176,0.772,21,15,77,31,36,108,3.385,3.553,3.342,3.659
10,img,none,-0.109,1.131,27,9,73,35,36,108,1.731,2.295,1.797,2.404
10,img,familiar,-0.154,1.221,28,8,73,35,36,108,1.878,2.295,1.895,2.404
10,img,unfamiliar,-0.314,1.542,31,5,73,35,36,108,1.31,2.295,1.618,2.404
11,aud,none,0.094,1.536,27,9,87,21,36,108,2.302,2.301,2.361,2.314
11,aud,familiar,0.431,0.862,18,18,87,21,36,108,2.085,2.301,2.02,2.314
11,aud,unfamiliar,0.609,0.506,13,23,87,21,36,108,2.329,2.301,2.568,2.314
11,img,none,0.375,2.28,28,8,101,7,36,108,1.081,0.972,1.218,1.146
11,img,familiar,0.504,2.024,25,11,101,7,36,108,1.076,0.972,1.299,1.146
11,img,unfamiliar,0.375,2.28,28,8,101,7,36,108,0.993,0.972,1.171,1.146
12,aud,none,0,0.711,23,13,69,39,36,108,2.36,2.313,2.189,2.276
12,aud,familiar,-0.159,1.03,27,9,69,39,36,108,2.267,2.313,2.378,2.276
12,aud,unfamiliar,0.073,0.566,21,15,69,39,36,108,2.222,2.313,2.129,2.276
12,img,none,-0.516,2.155,34,2,77,31,36,108,0.941,1.09,1.02,1.208
12,img,familiar,-0.329,1.783,32,4,77,31,36,108,1.006,1.09,1.018,1.208
12,img,unfamiliar,-0.41,1.945,33,3,77,31,36,108,0.905,1.09,1.109,1.208
13,aud,none,0.254,0.508,18,18,75,33,36,108,2.062,1.978,2.055,2.019
13,aud,familiar,0,1.017,25,11,75,33,36,108,1.882,1.978,1.88,2.019
13,aud,unfamiliar,0.076,0.864,23,13,75,33,36,108,1.907,1.978,1.945,2.019
13,img,none,0.288,1.286,23,13,89,19,36,108,0.97,1.01,1.109,1.127
13,img,familiar,0.288,1.286,23,13,89,19,36,108,1.019,1.01,1.068,1.127
13,img,unfamiliar,0.171,1.52,26,10,89,19,36,108,0.871,1.01,1.121,1.127
14,aud,none,0.136,1.451,26,10,87,21,36,108,2.322,2.382,2.428,2.647
14,aud,familiar,0.136,1.451,26,10,87,21,36,108,2.378,2.382,2.515,2.647
14,aud,unfamiliar,0.253,1.217,23,13,87,21,36,108,2.247,2.382,2.462,2.647
14,img,none,0.232,2.187,29,7,98,10,36,108,0.893,0.888,0.995,1.053
14,img,familiar,0.325,1.999,27,9,98,10,36,108,0.842,0.888,1.026,1.053
14,img,unfamiliar,0.232,2.187,29,7,98,10,36,108,0.912,0.888,1.026,1.053
15,aud,none,0.263,0.387,17,19,73,35,36,108,1.6,1.492,1.694,1.734
15,aud,familiar,0.087,0.739,22,14,73,35,36,108,1.385,1.492,1.699,1.734
15,aud,unfamiliar,0.087,0.739,22,14,73,35,36,108,1.337,1.492,1.59,1.734
15,img,none,0.728,0.891,14,22,95,13,36,108,0.87,0.856,0.942,0.923
15,img,familiar,0.481,1.384,21,15,95,13,36,108,0.961,0.856,1.238,0.923
15,img,unfamiliar,0.692,0.963,15,21,95,13,36,108,0.873,0.856,0.907,0.923
17,aud,none,0.398,0.796,18,18,85,23,36,108,1.715,1.68,1.766,1.773
17,aud,familiar,0.016,1.561,28,8,85,23,36,108,1.552,1.68,1.682,1.773
17,aud,unfamiliar,0.328,0.936,20,16,85,23,36,108,1.654,1.68,1.74,1.773
17,img,none,0.093,2.356,31,5,97,11,36,108,1.191,1.264,1.216,1.33
17,img,familiar,0.025,2.492,32,4,97,11,36,108,1.159,1.264,1.238,1.33
17,img,unfamiliar,0.025,2.492,32,4,97,11,36,108,1.293,1.264,1.353,1.33
18,aud,none,-0.134,0.594,24,12,61,47,36,108,2.659,2.521,3.552,2.969
18,aud,familiar,-0.301,0.928,28,8,61,47,36,108,2.428,2.521,2.837,2.969
18,aud,unfamiliar,-0.134,0.594,24,12,61,47,36,108,2.393,2.521,2.665,2.969
18,img,none,-0.481,1.479,32,4,65,43,36,108,0.956,1.295,1.348,1.594
18,img,familiar,-0.481,1.479,32,4,65,43,36,108,1.036,1.295,1.282,1.594
18,img,unfamiliar,-0.355,1.226,30,6,65,43,36,108,0.954,1.295,1.252,1.594
19,aud,none,0,1.017,25,11,75,33,36,108,1.985,2.166,2.181,2.196
19,aud,familiar,0.149,0.719,21,15,75,33,36,108,2.193,2.166,2.077,2.196
19,aud,unfamiliar,0.184,0.648,20,16,75,33,36,108,2.166,2.166,2.177,2.196
19,img,none,0.185,1.719,27,9,92,16,36,108,0.942,1.115,1.036,1.23
19,img,familiar,0.268,1.553,25,11,92,16,36,108,1.101,1.115,1.237,1.23
19,img,unfamiliar,0.344,1.4,23,13,92,16,36,108,1.088,1.115,1.108,1.23
20,aud,none,-0.05,0.762,24,12,68,40,36,108,2.287,2.249,2.198,2.305
20,aud,familiar,0.096,0.471,20,16,68,40,36,108,2.204,2.249,2.326,2.305
20,aud,unfamiliar,0.096,0.471,20,16,68,40,36,108,2.247,2.249,2.245,2.305
20,img,none,0.248,1.514,25,11,91,17,36,108,1.026,1.06,1.146,1.154
20,img,familiar,0.325,1.361,23,13,91,17,36,108,1.081,1.06,1.071,1.154
20,img,unfamiliar,0.361,1.287,22,14,91,17,36,108,1.126,1.06,1.221,1.154
21,aud,none,0.154,0.872,22,14,78,30,36,108,3.1,2.804,3.209,3.112
21,aud,familiar,0.295,0.589,18,18,78,30,36,108,2.879,2.804,3.069,3.112
21,aud,unfamiliar,0.117,0.945,23,13,78,30,36,108,2.849,2.804,3.031,3.112
21,img,none,-0.476,1.814,33,3,72,36,36,108,1.348,1.558,1.58,1.797
21,img,familiar,-0.167,1.195,28,8,72,36,36,108,1.543,1.558,1.576,1.797
21,img,unfamiliar,-0.167,1.195,28,8,72,36,36,108,1.246,1.558,1.506,1.797
22,aud,none,0.103,0.918,23,13,77,31,36,108,1.306,1.268,1.493,1.526
22,aud,familiar,0.14,0.844,22,14,77,31,36,108,1.352,1.268,1.933,1.526
22,aud,unfamiliar,0.246,0.632,19,17,77,31,36,108,1.389,1.268,1.386,1.526
22,img,none,0.052,0.966,24,12,76,32,36,108,1.037,0.972,1.24,1.251
22,img,familiar,0.302,0.465,17,19,76,32,36,108,0.861,0.972,0.916,1.251
22,img,unfamiliar,0.233,0.605,19,17,76,32,36,108,0.981,0.972,1.235,1.251
23,aud,none,0.287,1.436,24,12,91,17,36,108,2.796,2.825,2.834,2.928
23,aud,familiar,0.287,1.436,24,12,91,17,36,108,2.87,2.825,3.061,2.928
23,aud,unfamiliar,0.287,1.436,24,12,91,17,36,108,2.74,2.825,2.888,2.928
23,img,none,-0.108,2.226,32,4,91,17,36,108,1.066,1.262,1.187,1.37
23,img,familiar,0.287,1.436,24,12,91,17,36,108,1.084,1.262,1.101,1.37
23,img,unfamiliar,0.019,1.973,30,6,91,17,36,108,1.026,1.262,1.091,1.37
24,aud,none,0.117,0.945,23,13,78,30,36,108,2.298,2.24,2.273,2.29
24,aud,familiar,0,1.179,26,10,78,30,36,108,2.062,2.24,2.173,2.29
24,aud,unfamiliar,0.295,0.589,18,18,78,30,36,108,2.074,2.24,2.076,2.29
24,img,none,0.053,1.829,29,7,90,18,36,108,1.179,1.324,1.339,1.488
24,img,familiar,0.146,1.642,27,9,90,18,36,108,1.241,1.324,1.308,1.488
24,img,unfamiliar,0.101,1.732,28,8,90,18,36,108,1.256,1.324,1.358,1.488
25,aud,none,-0.141,1.247,28,8,74,34,36,108,1.403,1.709,1.518,1.8
25,aud,familiar,-0.141,1.247,28,8,74,34,36,108,1.62,1.709,1.569,1.8
25,aud,unfamiliar,-0.141,1.247,28,8,74,34,36,108,1.423,1.709,1.599,1.8
25,img,none,0.093,2.356,31,5,97,11,36,108,0.87,0.878,0.91,0.997
25,img,familiar,0.341,1.861,26,10,97,11,36,108,0.795,0.878,0.914,0.997
25,img,unfamiliar,0.381,1.78,25,11,97,11,36,108,0.855,0.878,0.933,0.997
26,aud,none,0.337,0.395,16,20,76,32,36,108,2.056,1.897,1.978,1.957
26,aud,familiar,0.302,0.465,17,19,76,32,36,108,1.652,1.897,1.91,1.957
26,aud,unfamiliar,0.409,0.253,14,22,76,32,36,108,1.532,1.897,1.666,1.957
26,img,none,0.421,2.19,27,9,101,7,36,108,0.915,0.906,1.012,0.957
26,img,familiar,0.58,1.871,23,13,101,7,36,108,0.868,0.906,0.943,0.957
26,img,unfamiliar,0.617,1.798,22,14,101,7,36,108,0.85,0.906,0.931,0.957
27,aud,none,0.277,0.975,21,15,84,24,36,108,2.417,2.722,2.847,3.382
27,aud,familiar,0.452,0.625,16,20,84,24,36,108,2.68,2.722,3.194,3.382
27,aud,unfamiliar,0.348,0.834,19,17,84,24,36,108,2.68,2.722,3.039,3.382
27,img,none,0.137,1.135,24,12,82,26,36,108,1.365,1.445,1.639,1.877
27,img,familiar,0.137,1.135,24,12,82,26,36,108,1.427,1.445,1.924,1.877
27,img,unfamiliar,0.057,1.293,26,10,82,26,36,108,1.471,1.445,1.751,1.877
28,aud,none,-0.454,0.815,29,7,52,56,36,108,2.431,2.556,2.74,2.831
28,aud,familiar,-0.454,0.815,29,7,52,56,36,108,2.404,2.556,2.509,2.831
28,aud,unfamiliar,-0.454,0.815,29,7,52,56,36,108,2.453,2.556,2.651,2.831
28,img,none,-0.088,2.265,32,4,92,16,36,108,0.85,1.324,1.06,1.655
28,img,familiar,-0.02,2.13,31,5,92,16,36,108,1.125,1.324,1.555,1.655
28,img,unfamiliar,-0.169,2.427,33,3,92,16,36,108,1.002,1.324,1.25,1.655
29,aud,none,-0.049,0.614,23,13,65,43,36,108,2.3,2.348,2.128,2.342
29,aud,familiar,-0.208,0.933,27,9,65,43,36,108,2.149,2.348,2.182,2.342
29,aud,unfamiliar,0.129,0.258,18,18,65,43,36,108,2.221,2.348,2.208,2.342
29,img,none,-0.474,2.882,35,1,90,18,36,108,0.82,1.463,1.037,1.696
29,img,familiar,-0.127,2.188,32,4,90,18,36,108,0.894,1.463,1.102,1.696
29,img,unfamiliar,-0.474,2.882,35,1,90,18,36,108,0.821,1.463,1.066,1.696
30,aud,none,-0.142,0.896,26,10,67,41,36,108,2.537,2.878,2.88,3.011
30,aud,familiar,-0.062,0.737,24,12,67,41,36,108,2.453,2.878,2.856,3.011
30,aud,unfamiliar,0.118,0.376,19,17,67,41,36,108,2.665,2.878,3.038,3.011
30,img,none,-0.175,1.585,30,6,79,29,36,108,1.328,1.538,1.357,1.802
30,img,familiar,-0.302,1.838,32,4,79,29,36,108,1.347,1.538,1.644,1.802
30,img,unfamiliar,-0.234,1.703,31,5,79,29,36,108,1.219,1.538,1.382,1.802
31,aud,none,-0.074,0.713,24,12,66,42,36,108,1.37,1.549,1.582,1.763
31,aud,familiar,-0.113,0.791,25,11,66,42,36,108,1.398,1.549,1.601,1.763
31,aud,unfamiliar,-0.154,0.872,26,10,66,42,36,108,1.534,1.549,1.683,1.763
31,img,none,-0.149,2.468,33,3,93,15,36,108,0.908,1.002,1.07,1.19
31,img,familiar,0.248,1.675,26,10,93,15,36,108,1.12,1.002,1.424,1.19
31,img,unfamiliar,0.16,1.85,28,8,93,15,36,108,0.952,1.002,1.077,1.19
34,aud,none,-0.108,0.495,23,13,60,48,36,108,1.647,1.81,1.825,2.103
34,aud,familiar,-0.225,0.729,26,10,60,48,36,108,1.546,1.81,1.694,2.103
34,aud,unfamiliar,-0.267,0.814,27,9,60,48,36,108,1.427,1.81,1.741,2.103
34,img,none,-0.105,0.97,26,10,70,38,36,108,1.111,1.16,1.345,1.35
34,img,familiar,-0.105,0.97,26,10,70,38,36,108,0.95,1.16,1.403,1.35
34,img,unfamiliar,0.012,0.736,23,13,70,38,36,108,1.28,1.16,1.574,1.35
35,aud,none,0.302,0.744,19,17,81,27,36,108,2.435,2.342,2.591,2.416
35,aud,familiar,0.302,0.744,19,17,81,27,36,108,1.796,2.342,2.005,2.416
35,aud,unfamiliar,0.337,0.674,18,18,81,27,36,108,2.341,2.342,2.343,2.416
35,img,none,0.176,0.772,21,15,77,31,36,108,1.115,1.166,1.414,1.33
35,img,familiar,0.211,0.702,20,16,77,31,36,108,1.071,1.166,1.222,1.33
35,img,unfamiliar,0.459,0.207,13,23,77,31,36,108,1.038,1.166,1.267,1.33
36,aud,none,0.024,0.613,22,14,68,40,36,108,1.212,1.335,1.392,1.513
36,aud,familiar,0.096,0.471,20,16,68,40,36,108,1.312,1.335,1.415,1.513
36,aud,unfamiliar,-0.089,0.839,25,11,68,40,36,108,1.09,1.335,1.312,1.513
36,img,none,0.408,1.833,25,11,98,10,36,108,0.771,0.777,0.931,0.944
36,img,familiar,0.662,1.325,18,18,98,10,36,108,0.837,0.777,0.912,0.944
36,img,unfamiliar,0.557,1.535,21,15,98,10,36,108,0.819,0.777,0.957,0.944
37,aud,none,-0.079,1.566,29,7,82,26,36,108,1.267,1.376,1.434,1.473
37,aud,familiar,0.247,0.914,21,15,82,26,36,108,1.359,1.376,1.447,1.473
37,aud,unfamiliar,0.211,0.986,22,14,82,26,36,108,1.269,1.376,1.402,1.473
37,img,none,0.288,1.286,23,13,89,19,36,108,0.924,0.816,0.938,0.899
37,img,familiar,0.083,1.696,28,8,89,19,36,108,0.894,0.816,0.996,0.899
37,img,unfamiliar,0.431,1.001,19,17,89,19,36,108,0.884,0.816,0.934,0.899
39,aud,none,0.285,0.291,16,20,72,36,36,108,3.008,3.154,3.25,3.364
39,aud,familiar,0.47,-0.078,11,25,72,36,36,108,3.306,3.154,3.548,3.364
39,aud,unfamiliar,0.47,-0.078,11,25,72,36,36,108,3.082,3.154,3.371,3.364
39,img,none,-0.048,1.626,29,7,84,24,36,108,1.507,1.879,1.621,1.98
39,img,familiar,0.312,0.904,20,16,84,24,36,108,1.771,1.879,1.845,1.98
39,img,unfamiliar,0.167,1.195,24,12,84,24,36,108,1.646,1.879,2.035,1.98
40,aud,none,-0.04,2.09,31,5,91,17,36,108,2.392,2.658,2.476,2.901
40,aud,familiar,0.072,1.867,29,7,91,17,36,108,2.538,2.658,2.697,2.901
40,aud,unfamiliar,0.287,1.436,24,12,91,17,36,108,2.639,2.658,2.893,2.901
40,img,none,-0.162,2.116,32,4,88,20,36,108,1.019,1.431,1.184,1.648
40,img,familiar,0.111,1.57,27,9,88,20,36,108,1.47,1.431,1.657,1.648
40,img,unfamiliar,0.066,1.66,28,8,88,20,36,108,1.376,1.431,1.469,1.648
41,aud,none,0,0.711,23,13,69,39,36,108,2.291,2.258,2.23,2.361
41,aud,familiar,-0.038,0.786,24,12,69,39,36,108,2.096,2.258,2.118,2.361
41,aud,unfamiliar,0.108,0.495,20,16,69,39,36,108,2.033,2.258,2.269,2.361
41,img,none,-0.313,2.561,34,2,90,18,36,108,1.025,1.17,1.214,1.336
41,img,familiar,0.343,1.25,22,14,90,18,36,108,1.252,1.17,1.346,1.336
41,img,unfamiliar,0,1.935,30,6,90,18,36,108,1.141,1.17,1.192,1.336
42,aud,none,-0.026,0.965,25,11,73,35,36,108,2.229,2.292,2.227,2.235
42,aud,familiar,0.158,0.596,20,16,73,35,36,108,2.181,2.292,2.072,2.235
42,aud,unfamiliar,0.123,0.667,21,15,73,35,36,108,2.275,2.292,2.206,2.235
42,img,none,0.059,2.053,30,6,93,15,36,108,0.891,1.091,1.056,1.247
42,img,familiar,0.16,1.85,28,8,93,15,36,108,1.103,1.091,1.085,1.247
42,img,unfamiliar,0.112,1.947,29,7,93,15,36,108,0.973,1.091,1.074,1.247
43,aud,none,-0.013,0.836,24,12,71,37,36,108,2.046,2.348,2.049,2.277
43,aud,familiar,0.097,0.616,21,15,71,37,36,108,2.039,2.348,2.249,2.277
43,aud,unfamiliar,-0.052,0.914,25,11,71,37,36,108,1.918,2.348,2.064,2.277
43,img,none,0.269,1.718,26,10,94,14,36,108,0.977,1.057,1.083,1.159
43,img,familiar,0.133,1.99,29,7,94,14,36,108,1.042,1.057,1.168,1.159
43,img,unfamiliar,0.08,2.096,30,6,94,14,36,108,0.871,1.057,1.063,1.159
44,aud,none,-0.634,0.456,29,7,37,71,36,108,2.5,2.601,2.868,2.791
44,aud,familiar,-0.745,0.68,31,5,37,71,36,108,2.458,2.601,2.693,2.791
44,aud,unfamiliar,-0.813,0.815,32,4,37,71,36,108,2.297,2.601,2.822,2.791
44,img,none,-0.61,1.546,33,3,61,47,36,108,1.123,1.566,1.325,1.838
44,img,familiar,-0.256,0.838,27,9,61,47,36,108,1.592,1.566,1.684,1.838
44,img,unfamiliar,-0.529,1.384,32,4,61,47,36,108,1.246,1.566,1.414,1.838
45,aud,none,0.059,0.398,20,16,65,43,36,108,1.319,1.586,1.424,1.712
45,aud,familiar,0.094,0.328,19,17,65,43,36,108,1.444,1.586,1.643,1.712
45,aud,unfamiliar,0.024,0.469,21,15,65,43,36,108,1.467,1.586,1.697,1.712
45,img,none,0.208,1.595,26,10,91,17,36,108,1.133,1.035,1.343,1.219
45,img,familiar,0.208,1.595,26,10,91,17,36,108,1.164,1.035,1.305,1.219
45,img,unfamiliar,0.248,1.514,25,11,91,17,36,108,1.106,1.035,1.505,1.219
46,aud,none,0.152,1.165,24,12,83,25,36,108,2.338,2.487,2.362,2.48
46,aud,familiar,0.152,1.165,24,12,83,25,36,108,2.421,2.487,2.385,2.48
46,aud,unfamiliar,0.297,0.874,20,16,83,25,36,108,2.336,2.487,2.338,2.48
46,img,none,-0.169,2.427,33,3,92,16,36,108,1.009,1.227,1.143,1.267
46,img,familiar,0.268,1.553,25,11,92,16,36,108,1.17,1.227,1.29,1.267
46,img,unfamiliar,0.14,1.809,28,8,92,16,36,108,1.103,1.227,1.175,1.267
47,aud,none,0.211,1.439,25,11,89,19,36,108,2.268,2.44,2.456,2.488
47,aud,familiar,0.083,1.696,28,8,89,19,36,108,2.288,2.44,2.202,2.488
47,aud,unfamiliar,0.25,1.362,24,12,89,19,36,108,2.321,2.44,2.362,2.488
47,img,none,0.072,1.867,29,7,91,17,36,108,1.073,1.071,1.162,1.15
47,img,familiar,0.072,1.867,29,7,91,17,36,108,1.034,1.071,1.167,1.15
47,img,unfamiliar,0.072,1.867,29,7,91,17,36,108,1.059,1.071,1.129,1.15
48,aud,none,0.431,1.001,19,17,89,19,36,108,2.715,2.857,3.015,3.038
48,aud,familiar,0.466,0.931,18,18,89,19,36,108,2.71,2.857,3.095,3.038
48,aud,unfamiliar,0.535,0.791,16,20,89,19,36,108,3,2.857,3.275,3.038
48,img,none,-0.395,1.651,32,4,72,36,36,108,1.06,1.453,1.172,1.715
48,img,familiar,-0.581,2.024,34,2,72,36,36,108,1.153,1.453,1.383,1.715
48,img,unfamiliar,-0.215,1.292,29,7,72,36,36,108,0.992,1.453,1.233,1.715
49,aud,none,-0.213,0.753,26,10,61,47,36,108,2.946,2.84,3.062,3.134
49,aud,familiar,-0.024,0.374,21,15,61,47,36,108,2.673,2.84,3.125,3.134
49,aud,unfamiliar,-0.096,0.519,23,13,61,47,36,108,2.571,2.84,2.896,3.134
49,img,none,-0.036,1.863,30,6,88,20,36,108,1.169,1.473,1.439,1.811
49,img,familiar,0.153,1.485,26,10,88,20,36,108,1.216,1.473,1.527,1.811
49,img,unfamiliar,-0.162,2.116,32,4,88,20,36,108,1.24,1.473,1.356,1.811
50,aud,none,0.136,0.693,21,15,74,34,36,108,2.121,2.298,2.274,2.422
50,aud,familiar,0.171,0.622,20,16,74,34,36,108,2.229,2.298,2.236,2.422
50,aud,unfamiliar,0.063,0.838,23,13,74,34,36,108,2.26,2.298,2.282,2.422
50,img,none,0.408,1.833,25,11,98,10,36,108,1.233,1.264,1.4,1.455
50,img,familiar,0.628,1.395,19,17,98,10,36,108,1.244,1.264,1.374,1.455
50,img,unfamiliar,0.447,1.756,24,12,98,10,36,108,1.271,1.264,1.426,1.455
51,aud,none,0.14,-0.141,15,21,57,51,36,108,1.179,1.359,1.494,1.515
51,aud,familiar,0,0.139,19,17,57,51,36,108,1.537,1.359,1.891,1.515
51,aud,unfamiliar,-0.143,0.425,23,13,57,51,36,108,1.451,1.359,1.61,1.515
51,img,none,0.758,1.376,17,19,100,8,36,108,1.029,0.923,1.124,1.094
51,img,familiar,0.723,1.446,18,18,100,8,36,108,1.084,0.923,1.194,1.094
51,img,unfamiliar,0.758,1.376,17,19,100,8,36,108,1.01,0.923,1.149,1.094
52,aud,none,-0.442,0.838,29,7,53,55,36,108,1.944,2.01,2.02,2.136
52,aud,familiar,-0.306,0.566,26,10,53,55,36,108,1.978,2.01,2.042,2.136
52,aud,unfamiliar,-0.306,0.566,26,10,53,55,36,108,1.95,2.01,2.06,2.136
52,img,none,-0.337,1.048,29,7,62,46,36,108,0.793,1.061,0.97,1.167
52,img,familiar,-0.289,0.951,28,8,62,46,36,108,0.847,1.061,0.935,1.167
52,img,unfamiliar,-0.289,0.951,28,8,62,46,36,108,0.958,1.061,1.048,1.167
53,aud,none,-0.613,0.709,30,6,43,65,36,108,1.563,2.129,1.681,2.096
53,aud,familiar,-0.56,0.603,29,7,43,65,36,108,1.776,2.129,1.857,2.096
53,aud,unfamiliar,-0.56,0.603,29,7,43,65,36,108,1.788,2.129,1.864,2.096
53,img,none,-0.433,1.576,32,4,69,39,36,108,0.709,0.813,0.858,0.978
53,img,familiar,-0.253,1.217,29,7,69,39,36,108,0.668,0.813,0.771,0.978
53,img,unfamiliar,-0.253,1.217,29,7,69,39,36,108,0.752,0.813,0.839,0.978
54,aud,none,-0.012,0.397,21,15,62,46,36,108,1.706,1.914,1.76,2.006
54,aud,familiar,0.128,0.117,17,19,62,46,36,108,1.977,1.914,2.041,2.006
54,aud,unfamiliar,-0.012,0.397,21,15,62,46,36,108,2.008,1.914,1.921,2.006
54,img,none,0.039,0.939,24,12,75,33,36,108,0.878,0.899,1.035,1.09
54,img,familiar,-0.128,1.273,28,8,75,33,36,108,0.834,0.899,1.043,1.09
54,img,unfamiliar,-0.04,1.098,26,10,75,33,36,108,0.818,0.899,0.925,1.09
55,aud,none,-0.105,0.97,26,10,70,38,36,108,2.372,2.507,2.393,2.555
55,aud,familiar,-0.192,1.145,28,8,70,38,36,108,2.403,2.507,2.371,2.555
55,aud,unfamiliar,-0.064,0.889,25,11,70,38,36,108,2.384,2.507,2.335,2.555
55,img,none,-0.067,1.046,26,10,73,35,36,108,1.41,1.559,1.407,1.72
55,img,familiar,0.013,0.887,24,12,73,35,36,108,1.328,1.559,1.472,1.72
55,img,unfamiliar,0.087,0.739,22,14,73,35,36,108,1.407,1.559,1.424,1.72
56,aud,none,0.433,1.145,20,16,91,17,36,108,2.379,2.416,2.431,2.56
56,aud,familiar,0.361,1.287,22,14,91,17,36,108,2.393,2.416,2.472,2.56
56,aud,unfamiliar,0.397,1.216,21,15,91,17,36,108,2.373,2.416,2.49,2.56
56,img,none,0.325,1.999,27,9,98,10,36,108,1.029,1.206,1.301,1.423
56,img,familiar,0.593,1.465,20,16,98,10,36,108,1.151,1.206,1.429,1.423
56,img,unfamiliar,0.368,1.914,26,10,98,10,36,108,1.213,1.206,1.404,1.423
57,aud,none,-0.36,0.628,27,9,52,56,36,108,2.06,1.967,2.16,2.475
57,aud,familiar,-0.239,0.384,24,12,52,56,36,108,1.872,1.967,2.119,2.475
57,aud,unfamiliar,0.082,-0.257,15,21,52,56,36,108,2.262,1.967,2.523,2.475
57,img,none,-0.068,2.306,32,4,93,15,36,108,0.948,0.963,1.006,1.17
57,img,familiar,0.16,1.85,28,8,93,15,36,108,0.893,0.963,1.173,1.17
57,img,unfamiliar,0.059,2.053,30,6,93,15,36,108,0.996,0.963,1.342,1.17
58,aud,none,-0.314,1.096,29,7,64,44,36,108,2.406,2.661,2.429,2.777
58,aud,familiar,-0.024,0.516,22,14,64,44,36,108,2.671,2.661,2.559,2.777
58,aud,unfamiliar,-0.061,0.59,23,13,64,44,36,108,2.461,2.661,2.51,2.777
58,img,none,-0.435,2.959,35,1,92,16,36,108,0.812,1.435,1.027,1.646
58,img,familiar,-0.02,2.13,31,5,92,16,36,108,0.956,1.435,1.176,1.646
58,img,unfamiliar,-0.088,2.265,32,4,92,16,36,108,0.887,1.435,1.191,1.646
59,aud,none,0.047,0.374,20,16,64,44,36,108,1.737,1.763,1.878,1.955
59,aud,familiar,0.152,0.165,17,19,64,44,36,108,1.884,1.763,2.037,1.955
59,aud,unfamiliar,-0.22,0.909,27,9,64,44,36,108,1.916,1.763,1.92,1.955
59,img,none,-0.69,2.45,35,1,76,32,36,108,0.669,0.874,0.75,1.002
59,img,familiar,-0.529,2.128,34,2,76,32,36,108,0.647,0.874,0.745,1.002
59,img,unfamiliar,-0.963,2.995,36,0,76,32,36,108,0.685,0.874,0.781,1.002
60,aud,none,-0.012,0.54,22,14,65,43,36,108,2.035,2.022,2.061,2.157
60,aud,familiar,-0.166,0.848,26,10,65,43,36,108,1.957,2.022,2.164,2.157
60,aud,unfamiliar,-0.012,0.54,22,14,65,43,36,108,1.64,2.022,2.025,2.157
60,img,none,0.072,1.867,29,7,91,17,36,108,0.924,1.113,1.007,1.244
60,img,familiar,-0.189,2.388,33,3,91,17,36,108,1.08,1.113,1.231,1.244
60,img,unfamiliar,0.165,1.68,27,9,91,17,36,108,1.037,1.113,1.091,1.244
61,aud,none,-0.013,0.991,25,11,74,34,36,108,2.067,2.343,2.259,2.426
61,aud,familiar,-0.013,0.991,25,11,74,34,36,108,2.053,2.343,2.149,2.426
61,aud,unfamiliar,0.063,0.838,23,13,74,34,36,108,2.08,2.343,2.324,2.426
61,img,none,0.133,1.99,29,7,94,14,36,108,1.065,1.45,1.271,1.613
61,img,familiar,0.269,1.718,26,10,94,14,36,108,1.193,1.45,1.332,1.613
61,img,unfamiliar,0.459,1.339,21,15,94,14,36,108,1.267,1.45,1.416,1.613
62,aud,none,0.282,0,14,22,66,42,36,108,2.695,2.658,2.981,2.827
62,aud,familiar,0.036,0.493,21,15,66,42,36,108,2.796,2.658,2.86,2.827
62,aud,unfamiliar,0.282,0,14,22,66,42,36,108,2.77,2.658,2.909,2.827
62,img,none,-0.015,1.499,28,8,83,25,36,108,1.096,1.295,1.407,1.557
62,img,familiar,0.03,1.408,27,9,83,25,36,108,1.298,1.295,1.362,1.557
62,img,unfamiliar,0.072,1.323,26,10,83,25,36,108,1.387,1.295,1.57,1.557
63,aud,none,-0.012,0.686,23,13,68,40,36,108,3.248,3.156,3.643,3.673
63,aud,familiar,-0.129,0.92,26,10,68,40,36,108,2.477,3.156,3.032,3.673
63,aud,unfamiliar,-0.129,0.92,26,10,68,40,36,108,3.057,3.156,3.234,3.673
63,img,none,0.149,3.065,33,3,103,5,36,108,1.008,1.341,1.497,1.872
63,img,familiar,0.231,2.903,32,4,103,5,36,108,0.949,1.341,1.232,1.872
63,img,unfamiliar,0.149,3.065,33,3,103,5,36,108,0.981,1.341,1.23,1.872
64,aud,none,0.012,0.589,22,14,67,41,36,108,2.253,2.272,2.228,2.28
64,aud,familiar,0.083,0.446,20,16,67,41,36,108,2,2.272,2.08,2.28
64,aud,unfamiliar,0.083,0.446,20,16,67,41,36,108,2.168,2.272,2.231,2.28
64,img,none,-0.415,3,35,1,93,15,36,108,0.844,1.158,0.921,1.281
64,img,familiar,0.059,2.053,30,6,93,15,36,108,0.932,1.158,1.071,1.281
64,img,unfamiliar,0.059,2.053,30,6,93,15,36,108,0.93,1.158,1.038,1.281
65,aud,none,0.062,0.688,22,14,71,37,36,108,2.501,2.413,2.642,2.567
65,aud,familiar,-0.013,0.836,24,12,71,37,36,108,2.514,2.413,2.798,2.567
65,aud,unfamiliar,0.062,0.688,22,14,71,37,36,108,2.476,2.413,2.549,2.567
65,img,none,-0.043,1.264,27,9,78,30,36,108,1.154,1.108,1.328,1.271
65,img,familiar,0.33,0.52,17,19,78,30,36,108,1.137,1.108,1.373,1.271
65,img,unfamiliar,0.117,0.945,23,13,78,30,36,108,1.116,1.108,1.205,1.271
66,aud,none,0.146,0.57,20,16,72,36,36,108,2.596,2.466,2.905,2.832
66,aud,familiar,0.11,0.641,21,15,72,36,36,108,2.454,2.466,2.922,2.832
66,aud,unfamiliar,0.074,0.713,22,14,72,36,36,108,2.525,2.466,2.854,2.832
66,img,none,0.066,1.66,28,8,88,20,36,108,1.216,1.188,1.839,1.466
66,img,familiar,0.307,1.178,22,14,88,20,36,108,1.284,1.188,1.534,1.466
66,img,unfamiliar,0.27,1.251,23,13,88,20,36,108,1.257,1.188,1.679,1.466
67,aud,none,0.211,0.143,16,20,66,42,36,108,1.842,1.885,1.978,2.106
67,aud,familiar,0.071,0.422,20,16,66,42,36,108,1.629,1.885,1.865,2.106
67,aud,unfamiliar,-0.037,0.638,23,13,66,42,36,108,1.74,1.885,1.931,2.106
67,img,none,0.365,1.441,23,13,93,15,36,108,0.876,0.966,1.018,1.099
67,img,familiar,0.327,1.516,24,12,93,15,36,108,0.899,0.966,0.958,1.099
67,img,unfamiliar,0.288,1.594,25,11,93,15,36,108,0.88,0.966,1.081,1.099
68,aud,none,0.149,0.719,21,15,75,33,36,108,1.55,1.73,1.869,2.005
68,aud,familiar,0.289,0.439,17,19,75,33,36,108,1.636,1.73,1.834,2.005
68,aud,unfamiliar,0.219,0.578,19,17,75,33,36,108,1.36,1.73,1.745,2.005
68,img,none,0.408,1.833,25,11,98,10,36,108,0.843,0.857,0.967,1.018
68,img,familiar,0.593,1.465,20,16,98,10,36,108,1.004,0.857,1.299,1.018
68,img,unfamiliar,0.521,1.607,22,14,98,10,36,108,0.813,0.857,1.106,1.018
69,aud,none,0.606,0.195,11,25,82,26,36,108,1.894,2.033,1.962,2.071
69,aud,familiar,0.457,0.493,15,21,82,26,36,108,1.744,2.033,1.846,2.071
69,aud,unfamiliar,0.53,0.348,13,23,82,26,36,108,1.988,2.033,2.064,2.071
69,img,none,0.402,0.664,17,19,83,25,36,108,0.749,0.76,0.854,0.826
69,img,familiar,0.189,1.089,23,13,83,25,36,108,0.793,0.76,0.812,0.826
69,img,unfamiliar,0.297,0.874,20,16,83,25,36,108,0.782,0.76,0.978,0.826
70,aud,none,0.348,0.834,19,17,84,24,36,108,2.206,2.189,2.219,2.185
70,aud,familiar,0.488,0.554,15,21,84,24,36,108,2.045,2.189,2.094,2.185
70,aud,unfamiliar,0.417,0.695,17,19,84,24,36,108,2.342,2.189,2.324,2.185
70,img,none,-0.149,2.468,33,3,93,15,36,108,0.923,0.942,1,1.073
70,img,familiar,0.288,1.594,25,11,93,15,36,108,0.974,0.942,1.101,1.073
70,img,unfamiliar,0.248,1.675,26,10,93,15,36,108,0.88,0.942,0.961,1.073
71,aud,none,0.309,0.617,18,18,79,29,36,108,1.96,2.206,2.295,2.199
71,aud,familiar,0.239,0.757,20,16,79,29,36,108,2.048,2.206,2.034,2.199
71,aud,unfamiliar,0.414,0.407,15,21,79,29,36,108,1.899,2.206,2.274,2.199
71,img,none,0.78,2.27,23,13,105,3,36,108,1.131,0.994,1.448,1.243
71,img,familiar,0.816,2.197,22,14,105,3,36,108,1.117,0.994,1.311,1.243
71,img,unfamiliar,0.922,1.984,19,17,105,3,36,108,1.013,0.994,1.217,1.243
72,aud,none,-0.169,0.524,24,12,58,50,36,108,2.524,2.633,2.773,2.854
72,aud,familiar,-0.384,0.955,29,7,58,50,36,108,2.413,2.633,2.49,2.854
72,aud,unfamiliar,-0.095,0.375,22,14,58,50,36,108,2.514,2.633,2.915,2.854
72,img,none,-0.492,2.846,35,1,89,19,36,108,0.896,1.271,1.072,1.677
72,img,familiar,-0.331,2.524,34,2,89,19,36,108,1.064,1.271,1.151,1.677
72,img,unfamiliar,-0.077,2.016,31,5,89,19,36,108,1.06,1.271,1.281,1.677
